timeStamp,elapsed,label,responseCode,responseMessage,threadName,dataType,success,failureMessage,bytes,sentBytes,grpThreads,allThreads,URL,Latency,IdleTime,Connect
1748394594000,954,http #2,200,OK,config #2 2-1,text,false,"The operation lasted too long: It took 954 milliseconds, but should not have lasted longer than 920 milliseconds.",231,159,1,3,http://localhost:8080/?token=496159540&user=-2105056041&config=2,954,0,6
1748394595457,803,http #2,200,OK,config #2 2-1,text,true,,231,159,1,3,http://localhost:8080/?token=496159540&user=-2105056041&config=2,803,0,0
1748394596956,794,http #2,200,OK,config #2 2-1,text,true,,231,159,1,3,http://localhost:8080/?token=496159540&user=-2105056041&config=2,794,0,0
1748394598456,831,http #2,200,OK,config #2 2-1,text,true,,231,159,1,3,http://localhost:8080/?token=496159540&user=-2105056041&config=2,831,0,0
1748394599957,807,http #2,200,OK,config #2 2-1,text,true,,231,159,1,3,http://localhost:8080/?token=496159540&user=-2105056041&config=2,807,0,0
1748394601456,811,http #2,200,OK,config #2 2-1,text,true,,231,159,1,3,http://localhost:8080/?token=496159540&user=-2105056041&config=2,810,0,0
1748394602957,834,http #2,200,OK,config #2 2-1,text,true,,231,159,1,3,http://localhost:8080/?token=496159540&user=-2105056041&config=2,834,0,0
1748394604457,802,http #2,200,OK,config #2 2-1,text,true,,231,159,1,3,http://localhost:8080/?token=496159540&user=-2105056041&config=2,802,0,0
1748394605957,807,http #2,200,OK,config #2 2-1,text,true,,231,159,2,6,http://localhost:8080/?token=496159540&user=-2105056041&config=2,807,0,0
1748394605958,923,http #2,200,OK,config #2 2-2,text,false,"The operation lasted too long: It took 923 milliseconds, but should not have lasted longer than 920 milliseconds.",231,159,2,6,http://localhost:8080/?token=496159540&user=-2105056041&config=2,923,0,1
1748394607458,799,http #2,200,OK,config #2 2-2,text,true,,231,159,2,6,http://localhost:8080/?token=496159540&user=-2105056041&config=2,799,0,0
1748394607457,853,http #2,200,OK,config #2 2-1,text,true,,231,159,2,6,http://localhost:8080/?token=496159540&user=-2105056041&config=2,853,0,0
1748394608957,823,http #2,200,OK,config #2 2-2,text,true,,231,159,2,6,http://localhost:8080/?token=496159540&user=-2105056041&config=2,823,0,0
1748394608956,896,http #2,200,OK,config #2 2-1,text,true,,231,159,2,6,http://localhost:8080/?token=496159540&user=-2105056041&config=2,896,0,0
1748394610456,809,http #2,200,OK,config #2 2-1,text,true,,231,159,2,6,http://localhost:8080/?token=496159540&user=-2105056041&config=2,809,0,0
1748394610458,864,http #2,200,OK,config #2 2-2,text,true,,231,159,2,6,http://localhost:8080/?token=496159540&user=-2105056041&config=2,864,0,0
1748394611957,813,http #2,200,OK,config #2 2-2,text,true,,231,159,2,6,http://localhost:8080/?token=496159540&user=-2105056041&config=2,813,0,0
1748394611956,841,http #2,200,OK,config #2 2-1,text,true,,231,159,2,6,http://localhost:8080/?token=496159540&user=-2105056041&config=2,841,0,0
1748394613456,876,http #2,200,OK,config #2 2-1,text,true,,231,159,2,6,http://localhost:8080/?token=496159540&user=-2105056041&config=2,876,0,0
1748394613457,879,http #2,200,OK,config #2 2-2,text,true,,231,159,2,6,http://localhost:8080/?token=496159540&user=-2105056041&config=2,879,0,0
1748394614956,813,http #2,200,OK,config #2 2-1,text,true,,231,159,2,6,http://localhost:8080/?token=496159540&user=-2105056041&config=2,813,0,0
1748394614957,870,http #2,200,OK,config #2 2-2,text,true,,231,159,2,6,http://localhost:8080/?token=496159540&user=-2105056041&config=2,870,0,0
1748394616457,820,http #2,200,OK,config #2 2-2,text,true,,231,159,2,6,http://localhost:8080/?token=496159540&user=-2105056041&config=2,820,0,0
1748394616456,839,http #2,200,OK,config #2 2-1,text,true,,231,159,2,6,http://localhost:8080/?token=496159540&user=-2105056041&config=2,839,0,0
1748394617956,856,http #2,200,OK,config #2 2-1,text,true,,231,159,3,9,http://localhost:8080/?token=496159540&user=-2105056041&config=2,856,0,0
1748394617957,883,http #2,200,OK,config #2 2-2,text,true,,231,159,3,9,http://localhost:8080/?token=496159540&user=-2105056041&config=2,883,0,0
1748394617956,924,http #2,200,OK,config #2 2-3,text,false,"The operation lasted too long: It took 924 milliseconds, but should not have lasted longer than 920 milliseconds.",231,159,3,9,http://localhost:8080/?token=496159540&user=-2105056041&config=2,924,0,1
1748394619457,834,http #2,200,OK,config #2 2-1,text,true,,231,159,3,9,http://localhost:8080/?token=496159540&user=-2105056041&config=2,834,0,0
1748394619458,842,http #2,200,OK,config #2 2-2,text,true,,231,159,3,9,http://localhost:8080/?token=496159540&user=-2105056041&config=2,842,0,0
1748394619458,842,http #2,200,OK,config #2 2-3,text,true,,231,159,3,9,http://localhost:8080/?token=496159540&user=-2105056041&config=2,842,0,0
1748394620957,818,http #2,200,OK,config #2 2-3,text,true,,231,159,3,9,http://localhost:8080/?token=496159540&user=-2105056041&config=2,818,0,0
1748394620958,867,http #2,200,OK,config #2 2-2,text,true,,231,159,3,9,http://localhost:8080/?token=496159540&user=-2105056041&config=2,867,0,0
1748394620957,868,http #2,200,OK,config #2 2-1,text,true,,231,159,3,9,http://localhost:8080/?token=496159540&user=-2105056041&config=2,868,0,0
1748394622458,825,http #2,200,OK,config #2 2-2,text,true,,231,159,3,9,http://localhost:8080/?token=496159540&user=-2105056041&config=2,825,0,0
1748394622457,849,http #2,200,OK,config #2 2-1,text,true,,231,159,3,9,http://localhost:8080/?token=496159540&user=-2105056041&config=2,849,0,0
1748394622457,849,http #2,200,OK,config #2 2-3,text,true,,231,159,3,9,http://localhost:8080/?token=496159540&user=-2105056041&config=2,849,0,0
1748394623957,822,http #2,200,OK,config #2 2-1,text,true,,231,159,3,9,http://localhost:8080/?token=496159540&user=-2105056041&config=2,822,0,0
1748394623957,926,http #2,200,OK,config #2 2-3,text,false,"The operation lasted too long: It took 926 milliseconds, but should not have lasted longer than 920 milliseconds.",231,159,3,9,http://localhost:8080/?token=496159540&user=-2105056041&config=2,926,0,0
1748394623958,925,http #2,200,OK,config #2 2-2,text,false,"The operation lasted too long: It took 925 milliseconds, but should not have lasted longer than 920 milliseconds.",231,159,3,9,http://localhost:8080/?token=496159540&user=-2105056041&config=2,925,0,0
1748394625457,836,http #2,200,OK,config #2 2-3,text,true,,231,159,3,9,http://localhost:8080/?token=496159540&user=-2105056041&config=2,836,0,0
1748394625458,861,http #2,200,OK,config #2 2-2,text,true,,231,159,3,9,http://localhost:8080/?token=496159540&user=-2105056041&config=2,860,0,0
1748394625457,862,http #2,200,OK,config #2 2-1,text,true,,231,159,3,9,http://localhost:8080/?token=496159540&user=-2105056041&config=2,861,0,0
1748394626958,834,http #2,200,OK,config #2 2-1,text,true,,231,159,3,9,http://localhost:8080/?token=496159540&user=-2105056041&config=2,834,0,0
1748394626959,876,http #2,200,OK,config #2 2-2,text,true,,231,159,3,9,http://localhost:8080/?token=496159540&user=-2105056041&config=2,876,0,0
1748394626958,877,http #2,200,OK,config #2 2-3,text,true,,231,159,3,9,http://localhost:8080/?token=496159540&user=-2105056041&config=2,877,0,0
1748394628457,831,http #2,200,OK,config #2 2-3,text,true,,231,159,3,9,http://localhost:8080/?token=496159540&user=-2105056041&config=2,831,0,0
1748394628458,912,http #2,200,OK,config #2 2-2,text,true,,231,159,3,9,http://localhost:8080/?token=496159540&user=-2105056041&config=2,911,0,0
1748394628457,913,http #2,200,OK,config #2 2-1,text,true,,231,159,3,9,http://localhost:8080/?token=496159540&user=-2105056041&config=2,912,0,0
1748394629956,829,http #2,200,OK,config #2 2-3,text,true,,231,159,4,12,http://localhost:8080/?token=496159540&user=-2105056041&config=2,829,0,0
1748394629956,859,http #2,200,OK,config #2 2-1,text,true,,231,159,4,12,http://localhost:8080/?token=496159540&user=-2105056041&config=2,859,0,0
1748394629958,857,http #2,200,OK,config #2 2-2,text,true,,231,159,4,12,http://localhost:8080/?token=496159540&user=-2105056041&config=2,857,0,0
1748394629959,1006,http #2,200,OK,config #2 2-4,text,false,"The operation lasted too long: It took 1,006 milliseconds, but should not have lasted longer than 920 milliseconds.",231,159,4,12,http://localhost:8080/?token=496159540&user=-2105056041&config=2,1006,0,1
1748394631457,838,http #2,200,OK,config #2 2-2,text,true,,231,159,4,12,http://localhost:8080/?token=496159540&user=-2105056041&config=2,838,0,0
1748394631456,865,http #2,200,OK,config #2 2-1,text,true,,231,159,4,12,http://localhost:8080/?token=496159540&user=-2105056041&config=2,865,0,0
1748394631458,863,http #2,200,OK,config #2 2-4,text,true,,231,159,4,12,http://localhost:8080/?token=496159540&user=-2105056041&config=2,863,0,0
1748394631456,865,http #2,200,OK,config #2 2-3,text,true,,231,159,4,12,http://localhost:8080/?token=496159540&user=-2105056041&config=2,865,0,0
1748394632958,884,http #2,200,OK,config #2 2-4,text,true,,231,159,4,12,http://localhost:8080/?token=496159540&user=-2105056041&config=2,884,0,0
1748394632956,886,http #2,200,OK,config #2 2-1,text,true,,231,159,4,12,http://localhost:8080/?token=496159540&user=-2105056041&config=2,886,0,0
1748394632958,884,http #2,200,OK,config #2 2-2,text,true,,231,159,4,12,http://localhost:8080/?token=496159540&user=-2105056041&config=2,884,0,0
1748394632956,886,http #2,200,OK,config #2 2-3,text,true,,231,159,4,12,http://localhost:8080/?token=496159540&user=-2105056041&config=2,886,0,0
1748394634456,858,http #2,200,OK,config #2 2-1,text,true,,231,159,4,12,http://localhost:8080/?token=496159540&user=-2105056041&config=2,858,0,0
1748394634456,875,http #2,200,OK,config #2 2-3,text,true,,231,159,4,12,http://localhost:8080/?token=496159540&user=-2105056041&config=2,874,0,0
1748394634458,873,http #2,200,OK,config #2 2-4,text,true,,231,159,4,12,http://localhost:8080/?token=496159540&user=-2105056041&config=2,872,0,0
1748394634457,874,http #2,200,OK,config #2 2-2,text,true,,231,159,4,12,http://localhost:8080/?token=496159540&user=-2105056041&config=2,873,0,0
1748394635956,851,http #2,200,OK,config #2 2-1,text,true,,231,159,4,12,http://localhost:8080/?token=496159540&user=-2105056041&config=2,851,0,0
1748394635957,867,http #2,200,OK,config #2 2-2,text,true,,231,159,4,12,http://localhost:8080/?token=496159540&user=-2105056041&config=2,867,0,0
1748394635958,866,http #2,200,OK,config #2 2-4,text,true,,231,159,4,12,http://localhost:8080/?token=496159540&user=-2105056041&config=2,866,0,0
1748394635956,868,http #2,200,OK,config #2 2-3,text,true,,231,159,4,12,http://localhost:8080/?token=496159540&user=-2105056041&config=2,868,0,0
1748394637456,874,http #2,200,OK,config #2 2-3,text,true,,231,159,4,12,http://localhost:8080/?token=496159540&user=-2105056041&config=2,873,0,0
1748394637456,890,http #2,200,OK,config #2 2-1,text,true,,231,159,4,12,http://localhost:8080/?token=496159540&user=-2105056041&config=2,890,0,0
1748394637457,889,http #2,200,OK,config #2 2-2,text,true,,231,159,4,12,http://localhost:8080/?token=496159540&user=-2105056041&config=2,889,0,0
1748394637458,888,http #2,200,OK,config #2 2-4,text,true,,231,159,4,12,http://localhost:8080/?token=496159540&user=-2105056041&config=2,888,0,0
1748394638956,862,http #2,200,OK,config #2 2-1,text,true,,231,159,4,12,http://localhost:8080/?token=496159540&user=-2105056041&config=2,862,0,0
1748394638957,880,http #2,200,OK,config #2 2-2,text,true,,231,159,4,12,http://localhost:8080/?token=496159540&user=-2105056041&config=2,880,0,0
1748394638956,881,http #2,200,OK,config #2 2-3,text,true,,231,159,4,12,http://localhost:8080/?token=496159540&user=-2105056041&config=2,881,0,0
1748394638958,879,http #2,200,OK,config #2 2-4,text,true,,231,159,4,12,http://localhost:8080/?token=496159540&user=-2105056041&config=2,879,0,0
1748394640456,859,http #2,200,OK,config #2 2-3,text,true,,231,159,4,12,http://localhost:8080/?token=496159540&user=-2105056041&config=2,859,0,0
1748394640456,919,http #2,200,OK,config #2 2-1,text,true,,231,159,4,12,http://localhost:8080/?token=496159540&user=-2105056041&config=2,919,0,0
1748394640456,919,http #2,200,OK,config #2 2-2,text,true,,231,159,4,12,http://localhost:8080/?token=496159540&user=-2105056041&config=2,919,0,0
1748394640458,917,http #2,200,OK,config #2 2-4,text,true,,231,159,4,12,http://localhost:8080/?token=496159540&user=-2105056041&config=2,917,0,0
1748394641958,864,http #2,200,OK,config #2 2-4,text,true,,231,159,5,15,http://localhost:8080/?token=496159540&user=-2105056041&config=2,864,0,0
1748394641957,918,http #2,200,OK,config #2 2-3,text,true,,231,159,5,15,http://localhost:8080/?token=496159540&user=-2105056041&config=2,918,0,0
1748394641956,919,http #2,200,OK,config #2 2-1,text,true,,231,159,5,15,http://localhost:8080/?token=496159540&user=-2105056041&config=2,919,0,0
1748394641957,918,http #2,200,OK,config #2 2-2,text,true,,231,159,5,15,http://localhost:8080/?token=496159540&user=-2105056041&config=2,918,0,0
1748394641958,986,http #2,200,OK,config #2 2-5,text,false,"The operation lasted too long: It took 986 milliseconds, but should not have lasted longer than 920 milliseconds.",231,159,5,15,http://localhost:8080/?token=496159540&user=-2105056041&config=2,986,0,1
1748394643456,852,http #2,200,OK,config #2 2-3,text,true,,231,159,5,15,http://localhost:8080/?token=496159540&user=-2105056041&config=2,852,0,0
1748394643457,954,http #2,200,OK,config #2 2-2,text,false,"The operation lasted too long: It took 954 milliseconds, but should not have lasted longer than 920 milliseconds.",231,159,5,15,http://localhost:8080/?token=496159540&user=-2105056041&config=2,954,0,0
1748394643456,955,http #2,200,OK,config #2 2-1,text,false,"The operation lasted too long: It took 955 milliseconds, but should not have lasted longer than 920 milliseconds.",231,159,5,15,http://localhost:8080/?token=496159540&user=-2105056041&config=2,955,0,0
1748394643458,953,http #2,200,OK,config #2 2-4,text,false,"The operation lasted too long: It took 953 milliseconds, but should not have lasted longer than 920 milliseconds.",231,159,5,15,http://localhost:8080/?token=496159540&user=-2105056041&config=2,953,0,0
1748394643458,953,http #2,200,OK,config #2 2-5,text,false,"The operation lasted too long: It took 953 milliseconds, but should not have lasted longer than 920 milliseconds.",231,159,5,15,http://localhost:8080/?token=496159540&user=-2105056041&config=2,953,0,0
1748394644956,868,http #2,200,OK,config #2 2-3,text,true,,231,159,5,15,http://localhost:8080/?token=496159540&user=-2105056041&config=2,868,0,0
1748394644958,900,http #2,200,OK,config #2 2-4,text,true,,231,159,5,15,http://localhost:8080/?token=496159540&user=-2105056041&config=2,900,0,0
1748394644956,902,http #2,200,OK,config #2 2-1,text,true,,231,159,5,15,http://localhost:8080/?token=496159540&user=-2105056041&config=2,902,0,0
1748394644957,901,http #2,200,OK,config #2 2-2,text,true,,231,159,5,15,http://localhost:8080/?token=496159540&user=-2105056041&config=2,901,0,0
1748394644958,900,http #2,200,OK,config #2 2-5,text,true,,231,159,5,15,http://localhost:8080/?token=496159540&user=-2105056041&config=2,900,0,0
1748394646457,865,http #2,200,OK,config #2 2-2,text,true,,231,159,5,15,http://localhost:8080/?token=496159540&user=-2105056041&config=2,865,0,0
1748394646456,906,http #2,200,OK,config #2 2-3,text,true,,231,159,5,15,http://localhost:8080/?token=496159540&user=-2105056041&config=2,906,0,0
1748394646457,905,http #2,200,OK,config #2 2-1,text,true,,231,159,5,15,http://localhost:8080/?token=496159540&user=-2105056041&config=2,905,0,0
1748394646459,903,http #2,200,OK,config #2 2-5,text,true,,231,159,5,15,http://localhost:8080/?token=496159540&user=-2105056041&config=2,903,0,0
1748394646459,903,http #2,200,OK,config #2 2-4,text,true,,231,159,5,15,http://localhost:8080/?token=496159540&user=-2105056041&config=2,903,0,0
1748394647958,948,http #2,200,OK,config #2 2-4,text,false,"The operation lasted too long: It took 948 milliseconds, but should not have lasted longer than 920 milliseconds.",231,159,5,15,http://localhost:8080/?token=496159540&user=-2105056041&config=2,948,0,0
1748394647956,958,http #2,200,OK,config #2 2-1,text,false,"The operation lasted too long: It took 958 milliseconds, but should not have lasted longer than 920 milliseconds.",231,159,5,15,http://localhost:8080/?token=496159540&user=-2105056041&config=2,958,0,0
1748394647956,958,http #2,200,OK,config #2 2-3,text,false,"The operation lasted too long: It took 958 milliseconds, but should not have lasted longer than 920 milliseconds.",231,159,5,15,http://localhost:8080/?token=496159540&user=-2105056041&config=2,958,0,0
1748394647958,956,http #2,200,OK,config #2 2-5,text,false,"The operation lasted too long: It took 956 milliseconds, but should not have lasted longer than 920 milliseconds.",231,159,5,15,http://localhost:8080/?token=496159540&user=-2105056041&config=2,956,0,0
1748394647957,957,http #2,200,OK,config #2 2-2,text,false,"The operation lasted too long: It took 957 milliseconds, but should not have lasted longer than 920 milliseconds.",231,159,5,15,http://localhost:8080/?token=496159540&user=-2105056041&config=2,957,0,0
1748394649456,870,http #2,200,OK,config #2 2-3,text,true,,231,159,5,15,http://localhost:8080/?token=496159540&user=-2105056041&config=2,870,0,0
1748394649456,903,http #2,200,OK,config #2 2-1,text,true,,231,159,5,15,http://localhost:8080/?token=496159540&user=-2105056041&config=2,903,0,0
1748394649458,901,http #2,200,OK,config #2 2-5,text,true,,231,159,5,15,http://localhost:8080/?token=496159540&user=-2105056041&config=2,901,0,0
1748394649457,902,http #2,200,OK,config #2 2-2,text,true,,231,159,5,15,http://localhost:8080/?token=496159540&user=-2105056041&config=2,902,0,0
1748394649458,901,http #2,200,OK,config #2 2-4,text,true,,231,159,5,15,http://localhost:8080/?token=496159540&user=-2105056041&config=2,901,0,0
1748394650956,895,http #2,200,OK,config #2 2-3,text,true,,231,159,5,15,http://localhost:8080/?token=496159540&user=-2105056041&config=2,895,0,0
1748394650958,897,http #2,200,OK,config #2 2-4,text,true,,231,159,5,15,http://localhost:8080/?token=496159540&user=-2105056041&config=2,897,0,0
1748394650956,899,http #2,200,OK,config #2 2-1,text,true,,231,159,5,15,http://localhost:8080/?token=496159540&user=-2105056041&config=2,899,0,0
1748394650957,898,http #2,200,OK,config #2 2-2,text,true,,231,159,5,15,http://localhost:8080/?token=496159540&user=-2105056041&config=2,898,0,0
1748394650958,897,http #2,200,OK,config #2 2-5,text,true,,231,159,5,15,http://localhost:8080/?token=496159540&user=-2105056041&config=2,897,0,0
1748394652457,943,http #2,200,OK,config #2 2-2,text,false,"The operation lasted too long: It took 943 milliseconds, but should not have lasted longer than 920 milliseconds.",231,159,5,14,http://localhost:8080/?token=496159540&user=-2105056041&config=2,943,0,0
1748394652456,944,http #2,200,OK,config #2 2-1,text,false,"The operation lasted too long: It took 944 milliseconds, but should not have lasted longer than 920 milliseconds.",231,159,5,14,http://localhost:8080/?token=496159540&user=-2105056041&config=2,944,0,0
1748394652456,944,http #2,200,OK,config #2 2-3,text,false,"The operation lasted too long: It took 944 milliseconds, but should not have lasted longer than 920 milliseconds.",231,159,5,14,http://localhost:8080/?token=496159540&user=-2105056041&config=2,944,0,0
1748394652458,942,http #2,200,OK,config #2 2-5,text,false,"The operation lasted too long: It took 942 milliseconds, but should not have lasted longer than 920 milliseconds.",231,159,5,14,http://localhost:8080/?token=496159540&user=-2105056041&config=2,942,0,0
1748394652458,942,http #2,200,OK,config #2 2-4,text,false,"The operation lasted too long: It took 942 milliseconds, but should not have lasted longer than 920 milliseconds.",231,159,5,14,http://localhost:8080/?token=496159540&user=-2105056041&config=2,942,0,0
1748394653957,868,http #2,200,OK,config #2 2-3,text,true,,231,159,4,12,http://localhost:8080/?token=496159540&user=-2105056041&config=2,868,0,0
1748394653959,896,http #2,200,OK,config #2 2-4,text,true,,231,159,4,12,http://localhost:8080/?token=496159540&user=-2105056041&config=2,896,0,0
1748394653958,897,http #2,200,OK,config #2 2-2,text,true,,231,159,4,12,http://localhost:8080/?token=496159540&user=-2105056041&config=2,897,0,0
1748394653959,896,http #2,200,OK,config #2 2-5,text,true,,231,159,4,12,http://localhost:8080/?token=496159540&user=-2105056041&config=2,896,0,0
1748394655457,864,http #2,200,OK,config #2 2-3,text,true,,231,159,4,12,http://localhost:8080/?token=496159540&user=-2105056041&config=2,864,0,0
1748394655459,899,http #2,200,OK,config #2 2-5,text,true,,231,159,4,12,http://localhost:8080/?token=496159540&user=-2105056041&config=2,899,0,0
1748394655459,899,http #2,200,OK,config #2 2-4,text,true,,231,159,4,12,http://localhost:8080/?token=496159540&user=-2105056041&config=2,899,0,0
1748394655458,900,http #2,200,OK,config #2 2-2,text,true,,231,159,4,12,http://localhost:8080/?token=496159540&user=-2105056041&config=2,900,0,0
1748394656957,862,http #2,200,OK,config #2 2-3,text,true,,231,159,4,12,http://localhost:8080/?token=496159540&user=-2105056041&config=2,862,0,0
1748394656959,976,http #2,200,OK,config #2 2-4,text,false,"The operation lasted too long: It took 976 milliseconds, but should not have lasted longer than 920 milliseconds.",231,159,4,12,http://localhost:8080/?token=496159540&user=-2105056041&config=2,976,0,0
1748394656958,977,http #2,200,OK,config #2 2-2,text,false,"The operation lasted too long: It took 977 milliseconds, but should not have lasted longer than 920 milliseconds.",231,159,4,12,http://localhost:8080/?token=496159540&user=-2105056041&config=2,977,0,0
1748394656959,976,http #2,200,OK,config #2 2-5,text,false,"The operation lasted too long: It took 976 milliseconds, but should not have lasted longer than 920 milliseconds.",231,159,4,12,http://localhost:8080/?token=496159540&user=-2105056041&config=2,976,0,0
1748394658457,867,http #2,200,OK,config #2 2-3,text,true,,231,159,4,12,http://localhost:8080/?token=496159540&user=-2105056041&config=2,867,0,0
1748394658459,884,http #2,200,OK,config #2 2-4,text,true,,231,159,4,12,http://localhost:8080/?token=496159540&user=-2105056041&config=2,884,0,0
1748394658459,884,http #2,200,OK,config #2 2-5,text,true,,231,159,4,12,http://localhost:8080/?token=496159540&user=-2105056041&config=2,884,0,0
1748394658458,885,http #2,200,OK,config #2 2-2,text,true,,231,159,4,12,http://localhost:8080/?token=496159540&user=-2105056041&config=2,885,0,0
1748394659958,864,http #2,200,OK,config #2 2-2,text,true,,231,159,4,12,http://localhost:8080/?token=496159540&user=-2105056041&config=2,864,0,0
1748394659959,898,http #2,200,OK,config #2 2-5,text,true,,231,159,4,12,http://localhost:8080/?token=496159540&user=-2105056041&config=2,898,0,0
1748394659957,900,http #2,200,OK,config #2 2-3,text,true,,231,159,4,12,http://localhost:8080/?token=496159540&user=-2105056041&config=2,900,0,0
1748394659959,898,http #2,200,OK,config #2 2-4,text,true,,231,159,4,12,http://localhost:8080/?token=496159540&user=-2105056041&config=2,898,0,0
1748394661458,943,http #2,200,OK,config #2 2-2,text,false,"The operation lasted too long: It took 943 milliseconds, but should not have lasted longer than 920 milliseconds.",231,159,4,12,http://localhost:8080/?token=496159540&user=-2105056041&config=2,943,0,0
1748394661459,942,http #2,200,OK,config #2 2-4,text,false,"The operation lasted too long: It took 942 milliseconds, but should not have lasted longer than 920 milliseconds.",231,159,4,12,http://localhost:8080/?token=496159540&user=-2105056041&config=2,942,0,0
1748394661457,944,http #2,200,OK,config #2 2-3,text,false,"The operation lasted too long: It took 944 milliseconds, but should not have lasted longer than 920 milliseconds.",231,159,4,12,http://localhost:8080/?token=496159540&user=-2105056041&config=2,944,0,0
1748394661459,942,http #2,200,OK,config #2 2-5,text,false,"The operation lasted too long: It took 942 milliseconds, but should not have lasted longer than 920 milliseconds.",231,159,4,12,http://localhost:8080/?token=496159540&user=-2105056041&config=2,942,0,0
1748394662958,855,http #2,200,OK,config #2 2-2,text,true,,231,159,4,12,http://localhost:8080/?token=496159540&user=-2105056041&config=2,855,0,0
1748394662959,889,http #2,200,OK,config #2 2-5,text,true,,231,159,4,12,http://localhost:8080/?token=496159540&user=-2105056041&config=2,889,0,0
1748394662957,891,http #2,200,OK,config #2 2-3,text,true,,231,159,4,12,http://localhost:8080/?token=496159540&user=-2105056041&config=2,891,0,0
1748394662959,889,http #2,200,OK,config #2 2-4,text,true,,231,159,4,12,http://localhost:8080/?token=496159540&user=-2105056041&config=2,889,0,0
1748394664456,852,http #2,200,OK,config #2 2-2,text,true,,231,159,4,11,http://localhost:8080/?token=496159540&user=-2105056041&config=2,852,0,0
1748394664458,886,http #2,200,OK,config #2 2-4,text,true,,231,159,3,10,http://localhost:8080/?token=496159540&user=-2105056041&config=2,885,0,0
1748394664456,888,http #2,200,OK,config #2 2-3,text,true,,231,159,3,10,http://localhost:8080/?token=496159540&user=-2105056041&config=2,887,0,0
1748394664458,886,http #2,200,OK,config #2 2-5,text,true,,231,159,3,10,http://localhost:8080/?token=496159540&user=-2105056041&config=2,885,0,0
1748394665956,849,http #2,200,OK,config #2 2-3,text,true,,231,159,3,9,http://localhost:8080/?token=496159540&user=-2105056041&config=2,849,0,0
1748394665958,901,http #2,200,OK,config #2 2-5,text,true,,231,159,3,9,http://localhost:8080/?token=496159540&user=-2105056041&config=2,901,0,0
1748394665958,901,http #2,200,OK,config #2 2-4,text,true,,231,159,3,9,http://localhost:8080/?token=496159540&user=-2105056041&config=2,901,0,0
1748394667456,845,http #2,200,OK,config #2 2-3,text,true,,231,159,3,9,http://localhost:8080/?token=496159540&user=-2105056041&config=2,845,0,0
1748394667458,913,http #2,200,OK,config #2 2-5,text,true,,231,159,3,9,http://localhost:8080/?token=496159540&user=-2105056041&config=2,913,0,0
1748394667458,913,http #2,200,OK,config #2 2-4,text,true,,231,159,3,9,http://localhost:8080/?token=496159540&user=-2105056041&config=2,913,0,0
1748394668956,867,http #2,200,OK,config #2 2-3,text,true,,231,159,3,9,http://localhost:8080/?token=496159540&user=-2105056041&config=2,867,0,0
1748394668958,869,http #2,200,OK,config #2 2-4,text,true,,231,159,3,9,http://localhost:8080/?token=496159540&user=-2105056041&config=2,869,0,0
1748394668958,869,http #2,200,OK,config #2 2-5,text,true,,231,159,3,9,http://localhost:8080/?token=496159540&user=-2105056041&config=2,869,0,0
1748394670457,900,http #2,200,OK,config #2 2-3,text,true,,231,159,3,9,http://localhost:8080/?token=496159540&user=-2105056041&config=2,900,0,0
1748394670458,899,http #2,200,OK,config #2 2-5,text,true,,231,159,3,9,http://localhost:8080/?token=496159540&user=-2105056041&config=2,899,0,0
1748394670458,899,http #2,200,OK,config #2 2-4,text,true,,231,159,3,9,http://localhost:8080/?token=496159540&user=-2105056041&config=2,899,0,0
1748394671956,846,http #2,200,OK,config #2 2-3,text,true,,231,159,3,9,http://localhost:8080/?token=496159540&user=-2105056041&config=2,846,0,0
1748394671958,889,http #2,200,OK,config #2 2-5,text,true,,231,159,3,9,http://localhost:8080/?token=496159540&user=-2105056041&config=2,889,0,0
1748394671958,889,http #2,200,OK,config #2 2-4,text,true,,231,159,3,9,http://localhost:8080/?token=496159540&user=-2105056041&config=2,889,0,0
1748394673458,848,http #2,200,OK,config #2 2-4,text,true,,231,159,3,9,http://localhost:8080/?token=496159540&user=-2105056041&config=2,848,0,0
1748394673458,861,http #2,200,OK,config #2 2-5,text,true,,231,159,3,9,http://localhost:8080/?token=496159540&user=-2105056041&config=2,861,0,0
1748394673456,863,http #2,200,OK,config #2 2-3,text,true,,231,159,3,9,http://localhost:8080/?token=496159540&user=-2105056041&config=2,863,0,0
1748394674956,885,http #2,200,OK,config #2 2-3,text,true,,231,159,3,9,http://localhost:8080/?token=496159540&user=-2105056041&config=2,885,0,0
1748394674958,890,http #2,200,OK,config #2 2-5,text,true,,231,159,3,9,http://localhost:8080/?token=496159540&user=-2105056041&config=2,890,0,0
1748394674958,890,http #2,200,OK,config #2 2-4,text,true,,231,159,3,9,http://localhost:8080/?token=496159540&user=-2105056041&config=2,890,0,0
1748394676456,836,http #2,200,OK,config #2 2-3,text,true,,231,159,3,8,http://localhost:8080/?token=496159540&user=-2105056041&config=2,836,0,0
1748394676458,911,http #2,200,OK,config #2 2-4,text,true,,231,159,2,7,http://localhost:8080/?token=496159540&user=-2105056041&config=2,911,0,0
1748394676458,911,http #2,200,OK,config #2 2-5,text,true,,231,159,2,7,http://localhost:8080/?token=496159540&user=-2105056041&config=2,911,0,0
1748394677958,830,http #2,200,OK,config #2 2-5,text,true,,231,159,2,6,http://localhost:8080/?token=496159540&user=-2105056041&config=2,830,0,0
1748394677958,865,http #2,200,OK,config #2 2-4,text,true,,231,159,2,6,http://localhost:8080/?token=496159540&user=-2105056041&config=2,865,0,0
1748394679458,826,http #2,200,OK,config #2 2-4,text,true,,231,159,2,6,http://localhost:8080/?token=496159540&user=-2105056041&config=2,826,0,0
1748394679458,868,http #2,200,OK,config #2 2-5,text,true,,231,159,2,6,http://localhost:8080/?token=496159540&user=-2105056041&config=2,868,0,0
1748394680958,825,http #2,200,OK,config #2 2-4,text,true,,231,159,2,6,http://localhost:8080/?token=496159540&user=-2105056041&config=2,825,0,0
1748394680958,876,http #2,200,OK,config #2 2-5,text,true,,231,159,2,6,http://localhost:8080/?token=496159540&user=-2105056041&config=2,876,0,0
1748394682458,844,http #2,200,OK,config #2 2-5,text,true,,231,159,2,6,http://localhost:8080/?token=496159540&user=-2105056041&config=2,844,0,0
1748394682458,846,http #2,200,OK,config #2 2-4,text,true,,231,159,2,6,http://localhost:8080/?token=496159540&user=-2105056041&config=2,846,0,0
1748394683958,851,http #2,200,OK,config #2 2-5,text,true,,231,159,2,6,http://localhost:8080/?token=496159540&user=-2105056041&config=2,851,0,0
1748394683958,851,http #2,200,OK,config #2 2-4,text,true,,231,159,2,6,http://localhost:8080/?token=496159540&user=-2105056041&config=2,851,0,0
1748394685458,818,http #2,200,OK,config #2 2-5,text,true,,231,159,2,6,http://localhost:8080/?token=496159540&user=-2105056041&config=2,818,0,0
1748394685458,846,http #2,200,OK,config #2 2-4,text,true,,231,159,2,6,http://localhost:8080/?token=496159540&user=-2105056041&config=2,846,0,0
1748394686958,813,http #2,200,OK,config #2 2-5,text,true,,231,159,2,6,http://localhost:8080/?token=496159540&user=-2105056041&config=2,813,0,0
1748394686958,863,http #2,200,OK,config #2 2-4,text,true,,231,159,2,6,http://localhost:8080/?token=496159540&user=-2105056041&config=2,863,0,0
1748394688458,821,http #2,200,OK,config #2 2-5,text,true,,231,159,2,5,http://localhost:8080/?token=496159540&user=-2105056041&config=2,821,0,0
1748394688458,893,http #2,200,OK,config #2 2-4,text,true,,231,159,2,5,http://localhost:8080/?token=496159540&user=-2105056041&config=2,893,0,0
1748394689959,811,http #2,200,OK,config #2 2-5,text,true,,231,159,1,3,http://localhost:8080/?token=496159540&user=-2105056041&config=2,811,0,0
1748394691459,830,http #2,200,OK,config #2 2-5,text,true,,231,159,1,3,http://localhost:8080/?token=496159540&user=-2105056041&config=2,830,0,0
1748394692959,808,http #2,200,OK,config #2 2-5,text,true,,231,159,1,3,http://localhost:8080/?token=496159540&user=-2105056041&config=2,808,0,0
1748394694459,804,http #2,200,OK,config #2 2-5,text,true,,231,159,1,3,http://localhost:8080/?token=496159540&user=-2105056041&config=2,804,0,0
1748394695959,802,http #2,200,OK,config #2 2-5,text,true,,231,159,1,3,http://localhost:8080/?token=496159540&user=-2105056041&config=2,802,0,0
1748394697459,801,http #2,200,OK,config #2 2-5,text,true,,231,159,1,3,http://localhost:8080/?token=496159540&user=-2105056041&config=2,801,0,0
1748394698958,799,http #2,200,OK,config #2 2-5,text,true,,231,159,1,3,http://localhost:8080/?token=496159540&user=-2105056041&config=2,799,0,0
1748394700458,793,http #2,200,OK,config #2 2-5,text,true,,231,159,1,2,http://localhost:8080/?token=496159540&user=-2105056041&config=2,793,0,0
